{"snr": [22.55765120074383, 0.8075894581730569, 1.2453549269678654, 11.068425993679124, 27.56698288509125, 18.151143334414062, 21.40795423753791, 1.1223386707827243, 28.907472445808118, 10.13106854575645, 11.134839443195192, 26.570584309583534, 2.946795375659783, 22.11686011494093, 15.7667075772505, 20.405444877041386, 20.81040678544712, 21.76501044664208, 1.1826406629938657, 1.0964153949718192, 18.765667228905578, 19.85295337062812, 6.556963645755546, 24.378106121463308, 22.962556004647187, 25.164709755712018, 19.90856686698262, 26.97784676576346, 7.309436086711213, 17.886452615401726, 4.310576040407702, 29.387145580249022, 16.509565241299086, 2.9697037792178893, 18.304735580261482, 28.618408618765212, 12.95461291109326, 22.331078857994488, 21.476872739604854, 21.438732786104822, 8.2462571374503, 4.059635951163669, 1.3396407522856557, 27.749686160076187, 10.92792788714235, 5.543673470546256, 3.381048769549123, 15.03309598428443, 5.927359055755584, 4.315647856565775, 17.544009867409592, 7.690639768062473, 12.313451121399236, 25.539538742469343, 11.064030756295844, 18.10637598873583, 9.28857339215243, 8.939308179480314, 29.09273456559176, 8.468700275873418, 22.721649337279704, 29.92771094507765, 20.588503057498613, 13.638901792298709, 25.108750543959438, 6.161503422926583, 10.044385708109374, 11.794775729579522, 22.508354671782797, 16.28623956159855, 0.6864866021918081, 28.80473527377143, 27.577841616074675, 15.433223605989536, 8.571015799559017, 20.148045069982697, 12.080728597058188, 2.4067397768368703, 24.819763949073007, 5.464023424270877, 3.4874856466361717, 12.25328885970264, 23.541650194191607, 27.456602431103892, 15.812481039641668, 7.987807127096208, 21.036138352338927, 7.035152157831592, 6.992790485344365, 2.4653358746551635, 0.6950798698645122, 15.788508627286141, 10.62687313049594, 1.6126445954118862, 11.508743795651208, 20.019782709716985, 27.330843413440586, 2.3213423384684004, 18.92102903372726, 13.015607809032307], "power": [1.6521717188044795e-08, 5.914961851853443e-10, 9.12125190650292e-10, 8.106757319589202e-09, 2.019066129279144e-08, 1.3294294434385299e-08, 1.567965398257171e-08, 8.220253936396906e-10, 2.1172465170269615e-08, 7.420216220036462e-09, 8.155399982808978e-09, 1.946087717987075e-08, 2.1582973942820676e-09, 1.619887215449775e-08, 1.1547881526306518e-08, 1.4945394197051795e-08, 1.52419971573099e-08, 1.594116976072418e-08, 8.661918918412102e-10, 8.030386193641253e-10, 1.3744385177421075e-08, 1.4540737332003017e-08, 4.8024636077311115e-09, 1.785505819443113e-08, 1.6818278323716198e-08, 1.8431183903109387e-08, 1.4581469873278285e-08, 1.9759165111643156e-08, 5.353590883821689e-09, 1.3100429161671184e-08, 3.1571601858454847e-09, 2.152378826678395e-08, 1.2091966729467103e-08, 2.175076010169352e-09, 1.3406788755074326e-08, 2.0960748500072176e-08, 9.488241878242134e-09, 1.635577064794518e-08, 1.573013140107777e-08, 1.5702196864822866e-08, 6.039739114343481e-09, 2.9733661751687023e-09, 9.811821916154705e-10, 2.032447716802455e-08, 8.003853432965587e-09, 4.060307717685246e-09, 2.4763540792596113e-09, 1.1010568347864571e-08, 4.341327433414734e-09, 3.1608748949456357e-09, 1.2849616602106633e-08, 5.632792798873881e-09, 9.01864095805608e-09, 1.8705716852394538e-08, 8.103538151583869e-09, 1.3261505851124875e-08, 6.803154339955391e-09, 6.547344858017807e-09, 2.1308155199408024e-08, 6.202661334868226e-09, 1.6641833010702907e-08, 2.1919710164851793e-08, 1.5079470012816366e-08, 9.98943002365628e-09, 1.839019815231404e-08, 4.512819889838806e-09, 7.35672781355667e-09, 8.638751755063124e-09, 1.6485611331872165e-08, 1.1928398116405186e-08, 5.027978043397032e-10, 2.1097218218094308e-08, 2.019861446489844e-08, 1.1303630570793116e-08, 6.2775994625676385e-09, 1.4756868947741231e-08, 8.848189890423477e-09, 1.762748859987942e-09, 1.8178538048637454e-08, 4.001970281448396e-09, 2.554310776344852e-09, 8.974576801540018e-09, 1.724241957582393e-08, 2.0109816233718668e-08, 1.1581407011456298e-08, 5.850444673166167e-09, 1.5407327894779485e-08, 5.15269933434931e-09, 5.121672718758079e-09, 1.8056659238196997e-09, 5.090917015609219e-10, 1.156384909225059e-08, 7.783354343624954e-09, 1.18113617828019e-09, 8.429255709705473e-09, 1.4662926789343494e-08, 2.0017707578203553e-08, 1.7002019080579102e-09, 1.3858175561811958e-08, 9.532915875756084e-09], "slope": [0.40169610586947346, 0.559572423511884, 0.0039524033139406445, 0.016030177972158888, 0.7930194322586959, 0.9487671864460925, 0.4286571757222801, 0.9713468792095814, 0.056623757939422315, 0.3937373085211776, 0.49281485746313525, 0.07936291665144957, 0.3637043630718363, 0.2856640139437169, 0.8906168207482109, 0.14154027242279454, 0.7010411495022382, 0.5611299250850598, 0.2792429157701344, 0.6346104461108258, 0.2264844145995205, 0.5339860472886899, 0.24032601251167307, 0.0640557165677278, 0.7745611874942793, 0.45976591769511876, 0.05894132820886311, 0.4934318134566561, 0.12472932703630568, 0.6568575795693151, 0.9531420268934592, 0.9109868677047529, 0.6193285380980942, 0.37004315140863453, 0.10756347985106285, 0.6118698346274706, 0.8555852828240971, 0.6898781209809004, 0.7033448278101567, 0.305974180359605, 0.4099392307978319, 0.4913955133239992, 0.9080136919757387, 0.17683467626739346, 0.7391641445724152, 0.6721375834990699, 0.20888527963611203, 0.07184909446506038, 0.3751378345400994, 0.19580241491035477, 0.8459254186426363, 0.7821276815874838, 0.1565005428296099, 0.5354074639362316, 0.594544317395475, 0.49257153381999297, 0.8775472187923726, 0.39514193192823466, 0.004603683434336925, 0.5227456960344463, 0.8836824306674189, 0.17993335061154758, 0.15220982700563324, 0.32171327908977243, 0.08082071420274572, 0.3513954046455947, 0.8949539907663456, 0.07316809059071283, 0.2563249874958139, 0.8750611059661997, 0.6456569302479765, 0.25727644171822184, 0.2863812796805484, 0.08856456508932486, 0.12097274458240936, 0.41711302326800603, 0.763253220494281, 0.8356478325865082, 0.45041349902892425, 0.5858649754473065, 0.1858141457757616, 0.8927491330178409, 0.7244732389781093, 0.37580670689499873, 0.9152112821545446, 0.8607162935614907, 0.8679896946058279, 0.09370064047888294, 0.7473399170728026, 0.6768408138197674, 0.8598239514706576, 0.4941790693601956, 0.3112495422731528, 0.15781451992092888, 0.8632069402967804, 0.5408421313991125, 0.6513978647042655, 0.6867318322442764, 0.1408742304031867, 0.7565724207540817]}