{"snr": [24.43889674730424, 28.6430358600822, 23.91102022760576, 23.25925633918803, 27.577639933809554, 0.5223599850328586, 19.54729824248406, 26.04199383119724, 15.147198181473783, 28.025883222962737], "power": [1.789958257859197e-08, 2.097878603033364e-08, 1.7512954268265937e-08, 1.7035588139053732e-08, 2.0198466748395666e-08, 3.8258787966273824e-10, 1.431686882994438e-08, 1.9073725950583914e-08, 1.1094139293071618e-08, 2.0526769938693408e-08], "slope": [0.30000000000000004, 0.30000000000000004, 0.30000000000000004, 0.30000000000000004, 0.30000000000000004, 0.30000000000000004, 0.30000000000000004, 0.30000000000000004, 0.30000000000000004, 0.30000000000000004]}