{"snr": [15.611625108369996, 2.6981548746334907, 21.4190043901139, 16.69517708267297, 7.743207329899532, 3.7151027615122967, 7.215843623531927, 24.862333130101405, 16.09797505209777, 21.715007926211022], "power": [1.1434295733669429e-08, 1.976187652319451e-09, 1.5687747356040453e-08, 1.2227912902348365e-08, 5.6712944310787575e-09, 2.7210225304045137e-09, 5.2850417164540475e-09, 1.8209716648023487e-08, 1.179050907136067e-08, 1.5904546820955337e-08], "slope": [1.0, 1.0, 1.0, 1.0, 1.0, 1.0, 1.0, 1.0, 1.0, 1.0]}