{"snr": [28.05547612415333, 9.245175578730183, 6.129195959682113, 17.320638497407746, 24.59345062513323, 21.355482336641327, 22.491384936000077, 13.700596030676596, 20.5106107645279, 3.0770931355006557], "power": [2.054844442687011e-08, 6.7713688320777705e-09, 4.489157197032797e-09, 1.2686014524468562e-08, 1.801278121958e-08, 1.564122241453222e-08, 1.647318232617193e-08, 1.0034616233405709e-08, 1.5022419993550706e-08, 2.253730323853019e-09], "slope": [0.9, 0.9, 0.9, 0.9, 0.9, 0.9, 0.9, 0.9, 0.9, 0.9]}