{"snr": [1.6833343739331796, 12.554237965853119, 15.864971417841511, 13.865906345483213, 16.85468806428281, 27.00297983482112, 10.860943953092258, 20.277560483393316, 28.088078724625095, 19.81872612244031], "power": [1.2329109184080905e-09, 9.194998510146327e-09, 1.1619852112676887e-08, 1.0155693124133211e-08, 1.2344742234582136e-08, 1.977757312120687e-08, 7.954792934393742e-09, 1.4851728869672837e-08, 2.0572323284637518e-08, 1.451566854670921e-08], "slope": [0.4, 0.4, 0.4, 0.4, 0.4, 0.4, 0.4, 0.4, 0.4, 0.4]}