{"snr": [21.491972105978153, 26.311502999288443, 8.991029820337628, 28.588138924747952, 18.076384525255197, 21.57750140104217, 23.609052352886017, 26.539505367065832, 5.989368795818191, 23.758545537254143], "power": [1.5741190507308215e-08, 1.927112036080696e-08, 6.585226919192598e-09, 2.0938578314024377e-08, 1.3239539447208394e-08, 1.5803834033966432e-08, 1.7291786391273938e-08, 1.9438114282518918e-08, 4.386744723499651e-09, 1.740127846966856e-08], "slope": [0.7000000000000001, 0.7000000000000001, 0.7000000000000001, 0.7000000000000001, 0.7000000000000001, 0.7000000000000001, 0.7000000000000001, 0.7000000000000001, 0.7000000000000001, 0.7000000000000001]}