{"snr": [28.14846786421791, 23.63017090863447, 14.948187775520275, 16.596106556520283, 21.726296197439314, 16.820743601236778, 22.258051076945083, 17.283491457041624, 8.89936999496664, 8.048387202078892], "power": [2.0616553611487724e-08, 1.730725408347251e-08, 1.0948379718398638e-08, 1.2155351481826377e-08, 1.591281459773387e-08, 1.2319880567312092e-08, 1.6302283503621885e-08, 1.2658807219512907e-08, 6.518093258032207e-09, 5.894814845272625e-09], "slope": [0.6000000000000001, 0.6000000000000001, 0.6000000000000001, 0.6000000000000001, 0.6000000000000001, 0.6000000000000001, 0.6000000000000001, 0.6000000000000001, 0.6000000000000001, 0.6000000000000001]}