{"snr": [25.861670176246513, 21.201811423497773, 20.308162251404582, 11.34134341682519, 2.117167994885656, 5.414307824754796, 3.4110718499974757, 7.770549339154359, 25.873904563523876, 11.415833831527832], "power": [1.8941652961118048e-08, 1.5528670476194657e-08, 1.4874142273977964e-08, 8.30664801037001e-09, 1.5506601525041422e-09, 3.9655574888340785e-09, 2.4983436401348697e-09, 5.691320316763446e-09, 1.895061369398721e-08, 8.361206419576049e-09], "slope": [0.8, 0.8, 0.8, 0.8, 0.8, 0.8, 0.8, 0.8, 0.8, 0.8]}