{"snr": [13.085986881923477, 0.3361405405942286, 10.26425461497288, 16.048378825167347, 13.567278666887713, 27.729858817324047, 4.137398644003728, 19.0262773837509, 23.980482773849328, 8.857292734059236], "power": [9.584463048283795e-09, 2.461966850055385e-10, 7.51776461057584e-09, 1.1754183709839364e-08, 9.936971679849398e-09, 2.0309955188469758e-08, 3.0303212724636673e-09, 1.3935261755676928e-08, 1.7563830156627923e-08, 6.487274951703541e-09], "slope": [0.5, 0.5, 0.5, 0.5, 0.5, 0.5, 0.5, 0.5, 0.5, 0.5]}