{"snr": [29.28619137076174, 21.691510996162627, 4.848345706047984, 22.00167195342065, 19.516202208209254, 21.6182376004716, 16.612866995783165, 26.436764896910667, 3.512728391275698, 26.13279767209838], "power": [2.144984719538213e-08, 1.588733715539255e-08, 3.5510344526718625e-09, 1.6114505825259264e-08, 1.4294093414215761e-08, 1.5833670117532907e-08, 1.216762719417712e-08, 1.936286491472949e-08, 2.57279911470388e-09, 1.914023266999393e-08], "slope": [0.1, 0.1, 0.1, 0.1, 0.1, 0.1, 0.1, 0.1, 0.1, 0.1]}