{"snr": [17.24033037110849, 13.185611948263805, 11.275693559435057, 5.815614593451887, 10.404797914505416, 17.37896653223405, 8.763376989493434, 12.601713551657182, 16.53232265439757, 17.56802659589966], "power": [1.2627195096026726e-08, 9.657430626169778e-09, 8.258564618726848e-09, 4.259483344813393e-09, 7.620701597538145e-09, 1.2728735253101109e-08, 6.418489005976635e-09, 9.229770667717662e-09, 1.2108634756638845e-08, 1.2867206979418694e-08], "slope": [0.0, 0.0, 0.0, 0.0, 0.0, 0.0, 0.0, 0.0, 0.0, 0.0]}