{"snr": [17.219688125739097, 9.696935929586584, 4.236333318896104, 26.18714194699675, 6.720812284993293, 27.032765093630097, 10.947688280959104, 0.30893668862766455, 16.9074828918646, 19.742867433409494], "power": [1.2612076263969063e-08, 7.102247995302673e-09, 3.1027831925508574e-09, 1.918003560571051e-08, 4.922469935297822e-09, 1.9799388496311103e-08, 8.018326377655593e-09, 2.2627198874096523e-10, 1.2383410321189892e-08, 1.4460107983454217e-08], "slope": [0.2, 0.2, 0.2, 0.2, 0.2, 0.2, 0.2, 0.2, 0.2, 0.2]}