{"snr": [18.204839555722216, 18.437740921451397, 23.58308976927313, 10.025520394897665, 20.793190144605568, 1.868413705141052, 2.8893252264538094, 23.918089122457538, 4.026194384276172, 14.935724772686138], "power": [1.3333622721476232e-08, 1.3504204776453657e-08, 1.727277082710434e-08, 7.3429104454816876e-09, 1.522938731294353e-08, 1.3684670691951064e-09, 2.1162049998440985e-09, 1.7518131681487452e-08, 2.948872840046024e-09, 1.0939251542494728e-08], "slope": [0.2, 0.2, 0.2, 0.2, 0.2, 0.2, 0.2, 0.2, 0.2, 0.2]}