{"snr": [12.640825203717565, 12.883289992047485, 15.356256211302226, 6.84585754145644, 12.370666315417921, 10.465728021370975, 16.33973340315411, 10.923852920144059, 17.718878409875412, 8.48354471145966], "power": [9.258416897254074e-09, 9.436003412144153e-09, 1.1247257967262371e-08, 5.014055816496416e-09, 9.060546617737734e-09, 7.665328140652569e-09, 1.1967578176138263e-08, 8.000868837996136e-09, 1.2977694147857966e-08, 6.213533724213617e-09], "slope": [0.1, 0.1, 0.1, 0.1, 0.1, 0.1, 0.1, 0.1, 0.1, 0.1]}