{"snr": [18.991173367920457, 6.472732575561492, 8.710331569503296, 6.12030382798557, 15.004305010875889, 18.058437618406643, 20.95385931416761, 24.976158588580233, 27.200895401322697, 12.234010165851586], "power": [1.3909550806582363e-08, 4.740770929366327e-09, 6.379637380007296e-09, 4.482644405262868e-09, 1.0989481209137612e-08, 1.3226394740043926e-08, 1.5347064927368853e-08, 1.8293084903745285e-08, 1.9922530811515646e-08, 8.960456664442078e-09], "slope": [0.8, 0.8, 0.8, 0.8, 0.8, 0.8, 0.8, 0.8, 0.8, 0.8]}