{"snr": [28.00016228184834, 11.207456471033137, 26.71644662815379, 29.72580259459209, 28.82261642008071, 29.097219190339956, 6.378379897702669, 14.237283480775805, 24.461588094456914, 18.761816188153336], "power": [2.0507931358775636e-08, 8.208586282494972e-09, 1.9567709932729825e-08, 2.1771828072211e-08, 2.11103147608013e-08, 2.131143983667477e-08, 4.6716649641376965e-09, 1.042769786189634e-08, 1.791620221761981e-08, 1.3741564590932618e-08], "slope": [0.5, 0.5, 0.5, 0.5, 0.5, 0.5, 0.5, 0.5, 0.5, 0.5]}