{"snr": [21.98014057720273, 3.0316401165574494, 27.700882975289353, 8.80409624561064, 3.579084915948685, 10.055206145199293, 6.0596030606889615, 16.178097246538652, 28.77316533711089, 1.9748129269152992], "power": [1.6098735774318404e-08, 2.2204395384942255e-09, 2.0288732647917006e-08, 6.448312679890605e-09, 2.621400084923353e-09, 7.364652938378387e-09, 4.438185835465548e-09, 1.1849192319242176e-08, 2.1074095705891762e-08, 1.4463961867055413e-09], "slope": [0.7000000000000001, 0.7000000000000001, 0.7000000000000001, 0.7000000000000001, 0.7000000000000001, 0.7000000000000001, 0.7000000000000001, 0.7000000000000001, 0.7000000000000001, 0.7000000000000001]}