{"snr": [21.107915645580395, 18.91879723228161, 5.442474270009918, 20.883917590289734, 0.9589319250307027, 17.201299387313245, 9.921226623911556, 29.417477769574532, 14.864680051271067, 23.169931586482598], "power": [1.5459899154477827e-08, 1.3856540941612504e-08, 3.98618720947992e-09, 1.5295838078825486e-08, 7.023427185283466e-10, 1.2598607949692316e-08, 7.266523406185221e-09, 2.1546004225762594e-08, 1.088721683442705e-08, 1.6970164736193308e-08], "slope": [0.6000000000000001, 0.6000000000000001, 0.6000000000000001, 0.6000000000000001, 0.6000000000000001, 0.6000000000000001, 0.6000000000000001, 0.6000000000000001, 0.6000000000000001, 0.6000000000000001]}