{"snr": [8.769325250759875, 21.78775937667973, 28.59411465731861, 19.371206960186246, 3.6216199257300543, 7.0347320239339775, 9.812708952952052, 28.350577970878977, 27.92415832540496, 17.575913613896528], "power": [6.422845642646392e-09, 1.5957831574716598e-08, 2.0942955071278276e-08, 1.4187895722792658e-08, 2.652553656540567e-09, 5.152391619092268e-09, 7.187042690150428e-09, 2.0764583474764872e-08, 2.045226439848996e-08, 1.287298360392812e-08], "slope": [0.0, 0.0, 0.0, 0.0, 0.0, 0.0, 0.0, 0.0, 0.0, 0.0]}