{"snr": [7.186647500241805, 19.964824236575183, 17.17854662077669, 28.892288972197065, 7.335062477792844, 9.354064353473296, 11.88349391178146, 12.699540086495407, 10.947568868734566, 11.128487711354282], "power": [5.263657837091165e-09, 1.4622674001397838e-08, 1.2581943325764175e-08, 2.1161344462058396e-08, 5.37236021322718e-09, 6.851121352641573e-09, 8.70373089241806e-09, 9.301420961788627e-09, 8.018238917530198e-09, 8.150747835464562e-09], "slope": [1.0, 1.0, 1.0, 1.0, 1.0, 1.0, 1.0, 1.0, 1.0, 1.0]}