{"snr": [1.2106136862896955, 21.351399657795888, 10.02333208451647, 12.621688727370227, 9.433844212518062, 15.489873756971798, 20.901335999104077, 28.39484233892715, 2.680003883297888, 25.32120268597345], "power": [8.866799460129605e-10, 1.563823217123722e-08, 7.341307679089211e-09, 9.244400923366865e-09, 6.909553866590377e-09, 1.1345122380594577e-08, 1.5308595702468803e-08, 2.0797003666206403e-08, 1.96289346921232e-09, 1.854580274851571e-08], "slope": [0.9, 0.9, 0.9, 0.9, 0.9, 0.9, 0.9, 0.9, 0.9, 0.9]}