{"snr": [21.46142006261777, 20.27474153188838, 23.120522119672792, 5.598996701209769, 23.829432178732166, 23.076144997872696, 8.06218762370073, 8.524943174191515, 25.272350515932324, 10.109041201731525], "power": [1.5718813522425123e-08, 1.4849664207926059e-08, 1.693397616186972e-08, 4.100827662018873e-09, 1.7453197396532347e-08, 1.690147338711379e-08, 5.9049225759526824e-09, 6.2438548639098e-09, 1.851002235053637e-08, 7.404082911424456e-09], "slope": [0.4, 0.4, 0.4, 0.4, 0.4, 0.4, 0.4, 0.4, 0.4, 0.4]}