{"snr": [1.404799057591749, 3.8203873880439154, 16.50068336428701, 10.286076663610915, 20.185373702776353, 9.492257415575352, 9.223775638654791, 10.909510998952822, 12.24503801292422, 22.55399275003777], "power": [1.0289055597595818e-09, 2.798135293977477e-09, 1.2085461448452399e-08, 7.53374755635565e-09, 1.4784209254963148e-08, 6.952336974298353e-09, 6.755695047842864e-09, 7.990364501186148e-09, 8.96853370087223e-09, 1.651903765871907e-08], "slope": [0.30000000000000004, 0.30000000000000004, 0.30000000000000004, 0.30000000000000004, 0.30000000000000004, 0.30000000000000004, 0.30000000000000004, 0.30000000000000004, 0.30000000000000004, 0.30000000000000004]}