{"snr": [20.96610928114556, 4.3001037055288105, 1.8100081060066198, 12.254588680861726, 12.98146454049159, 17.660139429595446, 0.9462588693185037, 27.189931942931317, 19.592454783171007, 27.048789664722857], "power": [1.5356037071151532e-08, 3.149490018697859e-09, 1.325689530766567e-09, 8.97552881899052e-09, 9.507908598992863e-09, 1.2934672433785725e-08, 6.930606953016383e-10, 1.9914500934764146e-08, 1.4349942468142825e-08, 1.9811125242716935e-08], "slope": [0.2, 0.2, 0.2, 0.2, 0.2, 0.2, 0.2, 0.2, 0.2, 0.2]}