{"snr": [27.42452833415671, 19.86781334580629, 0.48685021536077455, 0.5883520683753918, 26.53679524923321, 3.1463871088745887, 4.254466146857202, 5.2613270113739565, 10.365206281570838, 18.035143758436977], "power": [2.0086324463493682e-08, 1.4551621102885464e-08, 3.5657974757869226e-10, 4.309219250796326e-10, 1.943612933293448e-08, 2.304482745757755e-09, 3.1160640724051768e-09, 3.853510994658659e-09, 7.591703819509891e-09, 1.3209333807448957e-08], "slope": [0.0, 0.0, 0.0, 0.0, 0.0, 0.0, 0.0, 0.0, 0.0, 0.0]}