{"snr": [24.541701676270236, 1.084941332212056, 3.9848018679514094, 23.492375911747718, 24.415898386637892, 9.74571474768345, 5.4299947102655715, 5.702200875300002, 10.299709457646639, 22.682359729737335], "power": [1.7974879157424486e-08, 7.946347648037519e-10, 2.9185560556284734e-09, 1.7206330013487095e-08, 1.7882738076150798e-08, 7.137974668713464e-09, 3.977046906932791e-09, 4.176416656713868e-09, 7.543732512924783e-09, 1.661305644267871e-08], "slope": [0.8, 0.8, 0.8, 0.8, 0.8, 0.8, 0.8, 0.8, 0.8, 0.8]}