{"snr": [28.830120259475446, 6.445967986097144, 25.366746121006607, 10.689205383421088, 7.937886806809015, 20.637550921573737, 0.660723256853325, 6.0623908446935815, 5.164768015157495, 17.75836953280896], "power": [2.111581073692049e-08, 4.721167958567244e-09, 1.8579159756596634e-08, 7.829007849185366e-09, 5.813881938580821e-09, 1.5115393741387014e-08, 4.839281666406189e-10, 4.440227669453306e-09, 3.782789073601681e-09, 1.3006618310162812e-08], "slope": [0.4, 0.4, 0.4, 0.4, 0.4, 0.4, 0.4, 0.4, 0.4, 0.4]}