{"snr": [22.103686918583914, 1.668251650632302, 19.4607968838655, 17.317645483165816, 14.767992854555112, 14.116197877934596, 22.58229529111179, 26.15963486956042, 17.475490076021995, 0.23150274337064514], "power": [1.61892238173222e-08, 1.2218640019279553e-09, 1.4253513342674925e-08, 1.2683822375365586e-08, 1.0816401016519857e-08, 1.0339012117627877e-08, 1.6539767058919767e-08, 1.915988882047882e-08, 1.2799431208023921e-08, 1.6955767336717172e-10], "slope": [0.5, 0.5, 0.5, 0.5, 0.5, 0.5, 0.5, 0.5, 0.5, 0.5]}