{"snr": [29.082440769964236, 11.897470500096409, 15.279704912072306, 21.02166019430346, 0.5671233467020298, 3.8676099686710197, 7.753117571853931, 5.420830950907582, 28.696067353288342, 6.277854801215785], "power": [2.1300615798313647e-08, 8.713967651437799e-09, 1.1191190121146707e-08, 1.5396723775124605e-08, 4.153735449477757e-10, 2.832722145022719e-09, 5.678552909072703e-09, 3.970335169121763e-09, 2.1017627456021734e-08, 4.5980381844842166e-09], "slope": [0.1, 0.1, 0.1, 0.1, 0.1, 0.1, 0.1, 0.1, 0.1, 0.1]}