{"snr": [28.802817841798614, 6.460548484262279, 15.405288415037338, 9.265249629749167, 15.693018167286272, 13.117697232359376, 20.86267162908929, 11.551031063608885, 2.2486578626658282, 8.898506300727286], "power": [2.109581384897359e-08, 4.731847034371786e-09, 1.1283170225857425e-08, 6.78607150616394e-09, 1.1493909790492874e-08, 9.607688402606963e-09, 1.5280277072086882e-08, 8.460227829791663e-09, 1.6469662080071983e-09, 6.517460669477992e-09], "slope": [0.30000000000000004, 0.30000000000000004, 0.30000000000000004, 0.30000000000000004, 0.30000000000000004, 0.30000000000000004, 0.30000000000000004, 0.30000000000000004, 0.30000000000000004, 0.30000000000000004]}