{"snr": [26.10967931454746, 12.802763221504728, 26.714838557096616, 8.121181428565786, 19.060850323855295, 1.630530921872686, 15.062761998182959, 11.584459757734786, 5.540220269074416, 2.7869387409127366], "power": [1.9123300279209563e-08, 9.377023843875532e-09, 1.9566532146310998e-08, 5.9481309291253306e-09, 1.3960583733292451e-08, 1.1942365150434711e-09, 1.1032296385387908e-08, 8.484711736622156e-09, 4.0577785173884875e-09, 2.0412148981294453e-09], "slope": [0.9, 0.9, 0.9, 0.9, 0.9, 0.9, 0.9, 0.9, 0.9, 0.9]}