{"snr": [23.713576045614374, 27.397051630504965, 29.057194257138796, 5.570395776775642, 20.150984397780817, 0.31728510361396234, 15.799018879799625, 15.493639416671677, 19.327931591736952, 8.083260564049112], "power": [1.7368341830283963e-08, 2.006619992468625e-08, 2.1282124700052827e-08, 4.0798797193180965e-09, 1.475902177571837e-08, 2.3238655049850755e-10, 1.157154703110324e-08, 1.1347880432132574e-08, 1.4156199896291712e-08, 5.920356858434408e-09], "slope": [1.0, 1.0, 1.0, 1.0, 1.0, 1.0, 1.0, 1.0, 1.0, 1.0]}