{"snr": [19.413455928188206, 28.86688848462033, 3.6491072944920355, 7.870822992360926, 2.7255349629106562, 6.6476648932869615, 29.3781943941049, 27.07415288488954, 2.447942200749005, 6.927604243915223], "power": [1.421883979115347e-08, 2.1142740589321528e-08, 2.6726860067080333e-09, 5.764762933858099e-09, 1.996241427913078e-09, 4.868895185512911e-09, 2.1517232222244797e-08, 1.9829701819987453e-08, 1.7929264165642124e-09, 5.073928889586344e-09], "slope": [0.6000000000000001, 0.6000000000000001, 0.6000000000000001, 0.6000000000000001, 0.6000000000000001, 0.6000000000000001, 0.6000000000000001, 0.6000000000000001, 0.6000000000000001, 0.6000000000000001]}