{"snr": [0.3601362439316935, 1.1625909153566183, 23.654395563095573, 15.603688674786744, 12.256418514282416, 13.310946313057194, 20.0262130075595, 5.810790656823319, 21.31139969111843, 19.95972238870478], "power": [2.637716630359083e-10, 8.515070180834605e-10, 1.732499675031414e-08, 1.142848291610357e-08, 8.97686902901544e-09, 9.749228256633685e-09, 1.4667636480146118e-08, 4.255950188103016e-09, 1.560893532064338e-08, 1.4618937296414632e-08], "slope": [0.7000000000000001, 0.7000000000000001, 0.7000000000000001, 0.7000000000000001, 0.7000000000000001, 0.7000000000000001, 0.7000000000000001, 0.7000000000000001, 0.7000000000000001, 0.7000000000000001]}