{"snr": [11.317804682337545, 22.262680224019007, 23.39421896524278, 7.249467945910078, 5.279935488187376, 9.80775195636727, 11.373300382872756, 22.320225869755912, 4.651372451999043, 24.738109873111952, 26.162839709044686, 6.972957557498005, 6.714915403540176, 6.855861486341388, 27.678519081211483, 27.054915808862575, 23.22846450341772, 22.95160961558745, 12.613610771551798, 19.80968521721924, 12.628392952136435, 18.86390483989606, 2.0288417570071635, 25.04339903339784, 26.52516296846438, 28.76213793556126, 8.371081051753887, 15.794825249758865, 16.400705924219313, 22.54528605624066, 3.546727534513856, 1.4180696632147938, 15.72013245156604, 6.6045512485353575, 20.853615907060355, 24.160581600668884, 10.786511457370473, 13.349851484471577, 4.536075412094292, 14.511417668851163, 12.912346497259831, 25.150807020837163, 13.67712430444693, 2.145285214192294, 27.57806195893731, 22.504750716576886, 0.8313285968301276, 14.346526982552412, 19.371575218070465, 1.0189858313046174, 18.85362334468803, 15.426814171837854, 10.350468608089136, 9.123131949467647, 5.290688032869491, 2.7647094027566466, 22.192593458571306, 8.433982421341865, 26.309269047310103, 10.74577875667618, 24.82711829947576, 27.229017446298357, 9.341957131534723, 13.484271816446691, 11.084031839407606, 10.874339155543382, 1.1790977235880884, 11.166825515392736, 3.85507060673988, 4.184422126274701, 11.46506373585295, 20.907345215913992, 18.20681620264161, 23.149586567528335, 14.330389124692463, 12.914969632921245, 16.95706872078071, 4.8828795018925994, 17.134816861091664, 15.557399239865589, 4.000803138550308, 27.60547106186071, 13.397811920933313, 24.835425452422413, 2.34666989607873, 26.059010518009917, 26.430021692123717, 27.23502848475225, 24.451722833029834, 29.719692597938426, 29.758727144751216, 0.9566633490224163, 2.9761162673212063, 24.296748676153346, 26.31382716382365, 8.96269573525486, 27.063665411386925, 18.432255186766362, 3.02094811061683, 12.389656010285554], "power": [8.289407726321443e-09, 1.630567399220142e-08, 1.7134437718683673e-08, 5.309668905695858e-09, 3.8671402501372376e-09, 7.183412077417433e-09, 8.330053991361882e-09, 1.6347821681950128e-08, 3.406766932616486e-09, 1.8118732817220665e-08, 1.916223611502296e-08, 5.107146648558109e-09, 4.918150930327277e-09, 5.021382924566446e-09, 2.0272352842684188e-08, 1.9815612164694266e-08, 1.7013035524964147e-08, 1.6810260948916588e-08, 9.238484451820164e-09, 1.4509046789955496e-08, 9.249311244240553e-09, 1.3816336552658244e-08, 1.485968083745481e-09, 1.8342333276414432e-08, 1.9427609596043243e-08, 2.1066018995772403e-08, 6.131162879702553e-09, 1.156847552472573e-08, 1.2012235784340316e-08, 1.6512660685723137e-08, 2.5977008309427655e-09, 1.0386252416123976e-09, 1.1513768885424344e-08, 4.837317808985857e-09, 1.527364446317897e-08, 1.7695738477052405e-08, 7.900276946316263e-09, 9.777723255228205e-09, 3.322320858467499e-09, 1.0628479737928097e-08, 9.457285032172726e-09, 1.8421001235964718e-08, 1.001742502767109e-08, 1.5712538189884964e-09, 2.0198775848831035e-08, 1.6482971716242835e-08, 6.088832496314411e-10, 1.0507710192299128e-08, 1.4188165442922702e-08, 7.463275131625615e-10, 1.3808806160660178e-08, 1.1298936161014052e-08, 7.580909625065284e-09, 6.681981408301498e-09, 3.8750156490743344e-09, 2.024933644597153e-09, 1.625434091203953e-08, 6.177233218756248e-09, 1.9269484165510328e-08, 7.870443425299936e-09, 1.8183924535748847e-08, 1.9943128012425553e-08, 6.842253758448283e-09, 9.87617564681154e-09, 8.118187382378617e-09, 7.964603873689e-09, 8.635969655186193e-10, 8.178827281781788e-09, 2.8235380420458103e-09, 3.0647622995176027e-09, 8.397263478407923e-09, 1.5312996984312005e-08, 1.3335070460919145e-08, 1.6955263599263915e-08, 1.0495890472186861e-08, 9.45920627411224e-09, 1.2419728066978059e-08, 3.5763277601752433e-09, 1.254991469318237e-08, 1.1394579521385928e-08, 2.9302757362429006e-09, 2.0218850875386263e-08, 9.812850528027328e-09, 1.8190008876285943e-08, 1.7187523652920386e-09, 1.9086189344245542e-08, 1.9357926044035923e-08, 1.994753062848065e-08, 1.790897668434802e-08, 2.176735297700568e-08, 2.179594273297208e-08, 7.006811638347775e-10, 2.179772656729399e-09, 1.7795470221792e-08, 1.9272822629753647e-08, 6.564474415469867e-09, 1.9822020564980654e-08, 1.3500186904369893e-08, 2.212608479455686e-09, 9.074455085658364e-09], "slope": [0.4909881665484921, 0.29726342414624296, 0.3200839515240157, 0.6652442152953082, 0.12590264508160776, 0.47944444899126226, 0.5915568138684628, 0.8553636333068322, 0.7969940139652014, 0.09528226229368875, 0.9943175498397182, 0.24756791253634625, 0.22355828010359013, 0.7872032281091085, 0.22060318910406995, 0.04964207048624003, 0.7227747577832052, 0.04637438041845332, 0.3026129756099538, 0.5870386412669488, 0.6314549547289465, 0.28452061093792136, 0.8742014868160626, 0.7463827341746282, 0.03537079960259726, 0.5385618649435429, 0.24744618050826728, 0.18785901982866082, 0.5808810028894553, 0.9032384160911502, 0.5780470387249455, 0.5509815349234374, 0.09969746477965946, 0.7316189781657509, 0.6123454472057486, 0.6097282526518608, 0.3687131227440864, 0.20565229959917763, 0.7324708418187996, 0.593667274392144, 0.5039550068008813, 0.9852024794379509, 0.5319223503168186, 0.2931598501607001, 0.7906598544130801, 0.5375590746649854, 0.5878075518939945, 0.18095069594182844, 0.18343521312826716, 0.5231579999860515, 0.8495094937910888, 0.1848011767965103, 0.8298667588976536, 0.34817869666145007, 0.48424390131906214, 0.5858254735243136, 0.9170925196767487, 0.15446522851604505, 0.5380317739972967, 0.4919562882147813, 0.6227663191818475, 0.9358419351788042, 0.30165808101768843, 0.3229158009246903, 0.47384017386134736, 0.5618354255447939, 0.3477960089568233, 0.2767822855950808, 0.170763214951262, 0.9907195725163183, 0.9757445877374814, 0.9466809342109427, 0.02428937833609046, 0.4545965066387987, 0.1452393139088427, 0.22709749729586004, 0.9470772841936119, 0.46171198848885453, 0.9935355814315397, 0.9529884622068732, 0.2733279314489514, 0.6016754706130153, 0.5865193740375336, 0.7559713894028491, 0.10360262052206715, 0.2591642227599593, 0.8762822647836391, 0.5211589607872715, 0.9315613760075048, 0.9925001312374078, 0.2800723832124945, 0.8163359512112498, 0.1943998018079227, 0.6435206284787912, 0.5627278486182595, 0.9625191250929085, 0.43097421162406213, 0.8679261758084219, 0.29295251351144636, 0.4358838074840429]}