{"snr": [6.085267321146125, 4.98789757706129, 19.384060326466937, 22.527230339157764, 19.43924527031517, 22.00038620569042, 17.225089337364725, 18.25124390438559, 8.285907128413152, 8.282111989336885, 11.730278785860067, 0.19780966904219044, 20.76394028176984, 11.442333303243208, 28.99556061273991, 21.82657155902586, 11.701493776092445, 12.649684157171105, 21.73099630448459, 4.220335844419596, 23.41911818643556, 21.46641394079932, 20.551842502031008, 11.479025296161904, 11.947430542355178, 26.507265150601718, 5.029999414029467, 27.156326052972375, 6.536459869486091, 21.327198467891332, 22.631559334909113, 11.128778149716537, 0.3743725882798776, 18.947559557829717, 4.2625563907706, 1.8075656315213617, 26.11135063373306, 23.883641612442634, 27.175212899469496, 16.82670287016992, 9.500522905767788, 24.39680308925543, 5.136590639452304, 4.761305807223955, 2.7417238415739376, 8.997498106068996, 7.879293489346307, 16.37329325448215, 20.162004761498885, 20.050326005768795, 10.532717851028556, 26.519532408064943, 1.815210768273301, 8.9266168628115, 24.732769538649997, 12.10153257239563, 22.732206061429263, 5.946910641465389, 24.940446698274467, 10.962012965492411, 2.543968687623348, 25.128895009638217, 14.792186547532035, 26.93192833617278, 5.247812597301649, 9.573679487620204, 4.562554783023062, 24.086103591257675, 12.851543813179092, 0.7127308303887048, 22.327886437763294, 20.478410301525997, 3.347026487011182, 4.748689350738658, 17.727150524168806, 13.442811881824454, 16.780580315779734, 7.231340381601178, 19.092587087946914, 21.31366078300091, 27.7357950348784, 8.048317634641549, 20.26091497337533, 6.1427150749965085, 18.79468989412148, 0.8744604713879467, 8.590618299314217, 14.886967230412083, 17.948248367221836, 15.762906188477706, 19.259628210944733, 16.261711075401347, 12.976388764111316, 4.271311314745598, 19.205344873693285, 21.004720026677152, 10.935090056482107, 22.067736131995986, 2.261662367271752, 21.178007512311726], "power": [4.4569829012300715e-09, 3.653245295699186e-09, 1.4197309809424025e-08, 1.6499436283562812e-08, 1.4237728469469117e-08, 1.611356411549591e-08, 1.2616032229515178e-08, 1.3367610281532413e-08, 6.068779635068226e-09, 6.0659999921901e-09, 8.591512782612353e-09, 1.4488012869301056e-10, 1.5207964073561895e-08, 8.380615212336332e-09, 2.1236982870659113e-08, 1.5986258466083394e-08, 8.570430011786458e-09, 9.264905388553055e-09, 1.5916257058948673e-08, 3.0910662922995083e-09, 1.7152674452955732e-08, 1.5722471148046375e-08, 1.505261902004224e-08, 8.407489230587332e-09, 8.750559479264046e-09, 1.9414500842725866e-08, 3.684081602072363e-09, 1.9889887245829375e-08, 4.787446193471257e-09, 1.5620506690350096e-08, 1.6575849122247885e-08, 8.150960558874415e-09, 2.74198673056551e-10, 1.387760709801981e-08, 3.1219895440214352e-09, 1.3239006090244347e-09, 1.9124524389941204e-08, 1.7492901571613254e-08, 1.9903720385353633e-08, 1.2324245266237734e-08, 6.958390800122891e-09, 1.7868752262638255e-08, 3.762151347255106e-09, 3.4872845267753577e-09, 2.008098516777786e-09, 6.589964433156002e-09, 5.770966911142314e-09, 1.1992158145372666e-08, 1.476709333117594e-08, 1.468529736750644e-08, 7.714392957296305e-09, 1.942348565043819e-08, 1.3295000744189214e-09, 6.538049460067016e-09, 1.8114821439440914e-08, 8.86342717704758e-09, 1.6649564986398385e-08, 4.355647442479532e-09, 1.8266928734087742e-08, 8.028818089960261e-09, 1.8632583161303817e-09, 1.8404952399637364e-08, 1.0834121006493188e-08, 1.9725533449345295e-08, 3.843612742164293e-09, 7.011972280971828e-09, 3.3417149289719686e-09, 1.764118915375318e-08, 9.41275181629328e-09, 5.220196511636021e-10, 1.635343244953366e-08, 1.4998835670062983e-08, 2.451435415291393e-09, 3.47804395806054e-09, 1.2983752825318948e-08, 9.845809483758145e-09, 1.2290464098471483e-08, 5.29639188105555e-09, 1.3983828433554867e-08, 1.5610591393799493e-08, 2.0314303004061328e-08, 5.894763892559728e-09, 1.4839537334015132e-08, 4.4990588928197075e-09, 1.3765642012296004e-08, 6.404739780673437e-10, 6.291956762193029e-09, 1.0903540451961973e-08, 1.3145689722086304e-08, 1.1545097306013944e-08, 1.4106173006063035e-08, 1.191043291655372e-08, 9.504190989339343e-09, 3.1284018418546858e-09, 1.4066414702412072e-08, 1.5384316425788926e-08, 8.00909916246248e-09, 1.6162892674801747e-08, 1.656490991654115e-09, 1.551123597093144e-08], "slope": [0.1065595030483103, 0.5944897408794005, 0.49511464736585953, 0.5684840448422679, 0.2692114459741467, 0.5569746231894135, 0.5770181142711643, 0.11051341692122862, 0.3684368956497782, 0.5769741869750536, 0.35806685526743687, 0.5588503954353716, 0.08847117198710497, 0.41304031440602695, 0.8066817787604097, 0.5662445120034405, 0.07192239121817778, 0.2812673412242437, 0.6375469585704239, 0.08573618923124748, 0.8684759515939401, 0.1086521529064508, 0.0020167783425569796, 0.08753681906850486, 0.4829177420762797, 0.2065985222243235, 0.30358732098362873, 0.4564262709050878, 0.8627219208909217, 0.7808122868036776, 0.9277104049983337, 0.4488675742182894, 0.10343641180869045, 0.6638195088310089, 0.9560634492348169, 0.5316700750096857, 0.9007539531845851, 0.7812541197376616, 0.7351803275499084, 0.15982418012948651, 0.9035439553503601, 0.5873673582932658, 0.22339729184246981, 0.03260643565081123, 0.08310571492972818, 0.23334690179015305, 0.7905829148233064, 0.6310304674978896, 0.21630747827801133, 0.8233393556015736, 0.4505942795618486, 0.5024957811371459, 0.3842140733670272, 0.4495043315642412, 0.9911668776317297, 0.2535037236158473, 0.4703472880129057, 0.9873878852062674, 0.9787393286758134, 0.5543112834357831, 0.35934435332898906, 0.1603687864131681, 0.11998826318286271, 0.07855405132138593, 0.6303173487867233, 0.1821069191383119, 0.423870322140244, 0.09655322722679094, 0.9130314954036822, 0.017812922412496213, 0.23573952573977586, 0.26083853084143527, 0.4316796313788195, 0.01702212032892436, 0.024882631157558732, 0.1704502999715788, 0.040049405570835916, 0.577402403278101, 0.35787394742060163, 0.7842097366207251, 0.36540396121563967, 0.9798758804485039, 0.7060097364229407, 0.24677770328475168, 0.050556776184369046, 0.9264154103164648, 0.10989879661500579, 0.5008720552150352, 0.98659297528252, 0.9939704681008144, 0.29069710088636014, 0.14403134671260087, 0.12101813107323511, 0.7933352238516619, 0.6248174970288141, 0.182558751806558, 0.3442640761645077, 0.257493336692471, 0.28171697637348225, 0.54905885988967]}